[{"article":"Κατάλογος κωδικών κλήσης χωρών","views":103956,"mobile_percentage":79.53,"rank":1},{"article":"Κύρια Σελίδα","views":51437,"mobile_percentage":21.18,"rank":2},{"article":"Κατάλογος πόλεων της Ελλάδας","views":22201,"mobile_percentage":81.72,"rank":3},{"article":"Κυκλάδες","views":17977,"mobile_percentage":67.51,"rank":4},{"article":"Γροιλανδία","views":14459,"mobile_percentage":75.12,"rank":5},{"article":"Βαλκάνια","views":9224,"mobile_percentage":67.51,"rank":6},{"article":"Κάτω Χώρες","views":8962,"mobile_percentage":75.84,"rank":7},{"article":"Ελλάδα","views":7794,"mobile_percentage":53.53,"rank":8},{"article":"Αφρική","views":7027,"mobile_percentage":62.5,"rank":9},{"article":"Αλβανία","views":6787,"mobile_percentage":70.87,"rank":10},{"article":"Νάξος","views":6254,"mobile_percentage":69.46,"rank":11},{"article":"Εγνατία οδός","views":6219,"mobile_percentage":59.99,"rank":12},{"article":"Ευρώπη","views":6032,"mobile_percentage":49.4,"rank":13},{"article":"Ισραήλ","views":5919,"mobile_percentage":66.94,"rank":14},{"article":"Ισπανία","views":5839,"mobile_percentage":52.32,"rank":15},{"article":"Ηνωμένες Πολιτείες Αμερικής","views":5629,"mobile_percentage":61.29,"rank":16},{"article":"Ιταλία","views":5614,"mobile_percentage":47.17,"rank":17},{"article":"Κόνιτσα","views":5426,"mobile_percentage":80.63,"rank":18},{"article":"Αίγυπτος","views":5279,"mobile_percentage":61.7,"rank":19},{"article":"Στρασβούργο","views":5156,"mobile_percentage":79.19,"rank":20},{"article":"Ρωσία","views":5002,"mobile_percentage":65.53,"rank":21},{"article":"Νότια Αμερική","views":4891,"mobile_percentage":51.77,"rank":22},{"article":"Ιράν","views":4800,"mobile_percentage":68.73,"rank":23},{"article":"Μακεδονία","views":4643,"mobile_percentage":65.26,"rank":24},{"article":"Μεξικό","views":4443,"mobile_percentage":57.84,"rank":25},{"article":"Νότια Ιταλία","views":4294,"mobile_percentage":76.11,"rank":26},{"article":"Ανταρκτική","views":4191,"mobile_percentage":54.28,"rank":27},{"article":"Ηνωμένα Αραβικά Εμιράτα","views":4142,"mobile_percentage":61.78,"rank":28},{"article":"Γαλλία","views":3925,"mobile_percentage":40.23,"rank":29},{"article":"Κύπρος","views":3914,"mobile_percentage":51.33,"rank":30},{"article":"ΠΑΘΕ","views":3892,"mobile_percentage":60.61,"rank":31},{"article":"Μιανμάρ","views":3854,"mobile_percentage":70.06,"rank":32},{"article":"Κρήτη","views":3851,"mobile_percentage":65.18,"rank":33},{"article":"Τουρκία","views":3823,"mobile_percentage":54.12,"rank":34},{"article":"Γερμανία","views":3752,"mobile_percentage":53.41,"rank":35},{"article":"Βόλος","views":3647,"mobile_percentage":65.73,"rank":36},{"article":"Παναμάς","views":3639,"mobile_percentage":61.86,"rank":37},{"article":"ΕΣΣΔ","views":3602,"mobile_percentage":73.6,"rank":38},{"article":"Μέση Ανατολή","views":3600,"mobile_percentage":45.97,"rank":39},{"article":"Μήλος","views":3587,"mobile_percentage":74.83,"rank":40},{"article":"Χίος","views":3545,"mobile_percentage":62.31,"rank":41},{"article":"Νότια Αφρική","views":3464,"mobile_percentage":80.31,"rank":42},{"article":"Αθήνα/Ανατολικά Προάστια","views":3406,"mobile_percentage":79.83,"rank":43},{"article":"Ανατολικό Αιγαίο","views":3313,"mobile_percentage":66.07,"rank":44},{"article":"Αυστραλία","views":3268,"mobile_percentage":42.69,"rank":45},{"article":"Βαλτικά κράτη","views":3193,"mobile_percentage":64.74,"rank":46},{"article":"Παρίσι","views":3185,"mobile_percentage":57.68,"rank":47},{"article":"Βέλγιο","views":3129,"mobile_percentage":59.44,"rank":48},{"article":"Αθήνα/Νότια Προάστια","views":3114,"mobile_percentage":74.53,"rank":49},{"article":"Ιρλανδία","views":3074,"mobile_percentage":55.3,"rank":50},{"article":"Αθήνα/Δυτικά Προάστια","views":3042,"mobile_percentage":80.97,"rank":51},{"article":"Λος Άντζελες","views":3039,"mobile_percentage":77.49,"rank":52},{"article":"Σρι Λάνκα","views":3030,"mobile_percentage":64.36,"rank":53},{"article":"Βόρεια Μακεδονία","views":3014,"mobile_percentage":66.69,"rank":54},{"article":"Σεϋχέλλες","views":3010,"mobile_percentage":81.36,"rank":55},{"article":"Αθήνα/Κέντρο","views":2987,"mobile_percentage":73.08,"rank":56},{"article":"Γεωργία","views":2977,"mobile_percentage":62.04,"rank":57},{"article":"Κρακοβία","views":2976,"mobile_percentage":69.29,"rank":58},{"article":"Ωκεανία","views":2965,"mobile_percentage":54,"rank":59},{"article":"Αθήνα/Βόρεια Προάστια","views":2953,"mobile_percentage":71.32,"rank":60},{"article":"Ελβετία","views":2947,"mobile_percentage":56.6,"rank":61},{"article":"Σαντορίνη","views":2935,"mobile_percentage":57.58,"rank":62},{"article":"Αγγλία","views":2904,"mobile_percentage":58.13,"rank":63},{"article":"Θεσσαλονίκη","views":2807,"mobile_percentage":50.41,"rank":64},{"article":"Μαρόκο","views":2791,"mobile_percentage":64.64,"rank":65},{"article":"Σκύρος","views":2778,"mobile_percentage":79.3,"rank":66},{"article":"Καναδάς","views":2758,"mobile_percentage":57.94,"rank":67},{"article":"Σουηδία","views":2751,"mobile_percentage":69.07,"rank":68},{"article":"Νιγηρία","views":2730,"mobile_percentage":71.68,"rank":69},{"article":"Σερβία","views":2711,"mobile_percentage":52.16,"rank":70},{"article":"Επτάνησα","views":2706,"mobile_percentage":63.38,"rank":71},{"article":"Καζακστάν","views":2666,"mobile_percentage":60.24,"rank":72},{"article":"Ινδονησία","views":2583,"mobile_percentage":60.94,"rank":73},{"article":"Άρτα","views":2569,"mobile_percentage":56.91,"rank":74},{"article":"Βιετνάμ","views":2558,"mobile_percentage":63.1,"rank":75},{"article":"Καστοριά (Περιοχή)","views":2478,"mobile_percentage":76.03,"rank":76},{"article":"Κίνα","views":2454,"mobile_percentage":54.6,"rank":77},{"article":"Σύρος","views":2445,"mobile_percentage":50.92,"rank":78},{"article":"Τεργέστη","views":2439,"mobile_percentage":62.48,"rank":79},{"article":"Ρουμανία","views":2430,"mobile_percentage":50.45,"rank":80},{"article":"Ηνωμένο Βασίλειο","views":2409,"mobile_percentage":50.56,"rank":81},{"article":"Βενεζουέλα","views":2391,"mobile_percentage":42.58,"rank":82},{"article":"Βόρεια Ελλάδα","views":2383,"mobile_percentage":72.3,"rank":83},{"article":"Σικελία","views":2376,"mobile_percentage":80.3,"rank":84},{"article":"Σέρρες","views":2372,"mobile_percentage":72.81,"rank":85},{"article":"Καλιφόρνια","views":2356,"mobile_percentage":71.6,"rank":86},{"article":"Κούβα","views":2345,"mobile_percentage":65.5,"rank":87},{"article":"Κιργιστάν","views":2335,"mobile_percentage":68.14,"rank":88},{"article":"Ρώμη","views":2334,"mobile_percentage":48.89,"rank":89},{"article":"Πάρος","views":2333,"mobile_percentage":51.78,"rank":90},{"article":"Καραϊβική","views":2295,"mobile_percentage":64.18,"rank":91},{"article":"Κομόρες","views":2283,"mobile_percentage":76,"rank":92},{"article":"Χιλή","views":2280,"mobile_percentage":50.53,"rank":93},{"article":"Ασία","views":2244,"mobile_percentage":48.66,"rank":94},{"article":"Ταϊλάνδη","views":2244,"mobile_percentage":62.52,"rank":95},{"article":"Γιουγκοσλαβία","views":2237,"mobile_percentage":76.84,"rank":96},{"article":"Άγιο Όρος","views":2219,"mobile_percentage":66.34,"rank":97},{"article":"Βόρεια Κορέα","views":2176,"mobile_percentage":65.3,"rank":98},{"article":"Τυνησία","views":2160,"mobile_percentage":66.02,"rank":99},{"article":"Ιαπωνία","views":2132,"mobile_percentage":46.39,"rank":100},{"article":"Αρμενία","views":2115,"mobile_percentage":65.25,"rank":101},{"article":"Μαυροβούνιο","views":2092,"mobile_percentage":57.41,"rank":102},{"article":"Πράσινο Ακρωτήριο","views":2090,"mobile_percentage":68.18,"rank":103},{"article":"Αθήνα","views":2079,"mobile_percentage":44.06,"rank":104},{"article":"Βόρεια Αμερική","views":2068,"mobile_percentage":54.69,"rank":105},{"article":"Λονδίνο","views":2028,"mobile_percentage":56.46,"rank":106},{"article":"Βουλγαρία","views":2028,"mobile_percentage":52.71,"rank":107},{"article":"Σιβηρία","views":2004,"mobile_percentage":71.81,"rank":108},{"article":"Ινδία","views":1983,"mobile_percentage":41.6,"rank":109},{"article":"Πάτρα","views":1967,"mobile_percentage":60.85,"rank":110},{"article":"Ικαρία","views":1957,"mobile_percentage":59.53,"rank":111},{"article":"Ουζμπεκιστάν","views":1948,"mobile_percentage":55.85,"rank":112},{"article":"Βρετανικές Νήσοι","views":1945,"mobile_percentage":83.14,"rank":113},{"article":"Πολωνία","views":1933,"mobile_percentage":43.71,"rank":114},{"article":"Νότια Κορέα","views":1924,"mobile_percentage":58.99,"rank":115},{"article":"Λάρισα","views":1911,"mobile_percentage":47.78,"rank":116},{"article":"Ισλανδία","views":1905,"mobile_percentage":66.61,"rank":117},{"article":"Νεπάλ","views":1891,"mobile_percentage":69.75,"rank":118},{"article":"Νέα Υόρκη","views":1870,"mobile_percentage":55.4,"rank":119},{"article":"Αυστρία","views":1842,"mobile_percentage":51.3,"rank":120},{"article":"Ντουμπάι","views":1833,"mobile_percentage":71.14,"rank":121},{"article":"Καμτσάτκα","views":1823,"mobile_percentage":61.77,"rank":122},{"article":"Καβάλα","views":1803,"mobile_percentage":64.67,"rank":123},{"article":"Αγία Πετρούπολη","views":1800,"mobile_percentage":70.56,"rank":124},{"article":"Καλαμάτα","views":1794,"mobile_percentage":64.05,"rank":125},{"article":"Γαλαξίδι","views":1769,"mobile_percentage":77.05,"rank":126},{"article":"Κεντρική Αμερική","views":1755,"mobile_percentage":54.87,"rank":127},{"article":"Πελοπόννησος","views":1742,"mobile_percentage":65.73,"rank":128},{"article":"Μονακό","views":1740,"mobile_percentage":54.31,"rank":129},{"article":"Μάλτα","views":1731,"mobile_percentage":57.54,"rank":130},{"article":"Νέα Ζηλανδία","views":1726,"mobile_percentage":46.87,"rank":131},{"article":"Νικαράγουα","views":1723,"mobile_percentage":67.09,"rank":132},{"article":"Αζερμπαϊτζάν","views":1716,"mobile_percentage":59.21,"rank":133},{"article":"Ανδαλουσία","views":1705,"mobile_percentage":62.93,"rank":134},{"article":"Αλγέρι","views":1687,"mobile_percentage":85.6,"rank":135},{"article":"Νορβηγία","views":1684,"mobile_percentage":52.08,"rank":136},{"article":"Ισημερινός","views":1666,"mobile_percentage":52.7,"rank":137},{"article":"Ανατολική Γερμανία","views":1663,"mobile_percentage":61.88,"rank":138},{"article":"Μπελίζ","views":1659,"mobile_percentage":47.5,"rank":139},{"article":"Νάπολη","views":1655,"mobile_percentage":62.9,"rank":140},{"article":"Χαλκίδα","views":1652,"mobile_percentage":65.25,"rank":141},{"article":"Αλάσκα","views":1647,"mobile_percentage":76.2,"rank":142},{"article":"Μαυρίκιος","views":1647,"mobile_percentage":66.06,"rank":143},{"article":"Δανία","views":1633,"mobile_percentage":60.32,"rank":144},{"article":"Λίβανος","views":1629,"mobile_percentage":49.29,"rank":145},{"article":"Ρόδος","views":1600,"mobile_percentage":65.06,"rank":146},{"article":"Αγρίνιο","views":1599,"mobile_percentage":75.55,"rank":147},{"article":"Πορτογαλία","views":1597,"mobile_percentage":49.22,"rank":148},{"article":"Κεντρική Ευρώπη","views":1593,"mobile_percentage":42.81,"rank":149},{"article":"Αργεντινή","views":1579,"mobile_percentage":52.44,"rank":150},{"article":"Γιβραλτάρ","views":1577,"mobile_percentage":66.65,"rank":151},{"article":"Σαουδική Αραβία","views":1575,"mobile_percentage":58.86,"rank":152},{"article":"Ουρουγουάη","views":1574,"mobile_percentage":62.26,"rank":153},{"article":"Αλεξανδρούπολη","views":1566,"mobile_percentage":66.6,"rank":154},{"article":"Πακιστάν","views":1563,"mobile_percentage":66.47,"rank":155},{"article":"Γουατεμάλα","views":1563,"mobile_percentage":48.75,"rank":156},{"article":"Άλπεις","views":1560,"mobile_percentage":65.96,"rank":157},{"article":"Ουγγαρία","views":1545,"mobile_percentage":77.61,"rank":158},{"article":"Ιερουσαλήμ","views":1519,"mobile_percentage":59.97,"rank":159},{"article":"Κεφαλονιά","views":1472,"mobile_percentage":46.33,"rank":160},{"article":"Αυτοκινητόδρομος 1 (Αθήνα-Θεσσαλονίκη-Εύζωνοι)","views":1471,"mobile_percentage":55.13,"rank":161},{"article":"UNESCO Μνημεία πολιτιστικής κληρονομιάς","views":1469,"mobile_percentage":39.89,"rank":162},{"article":"Κόστα Ρίκα","views":1464,"mobile_percentage":58.2,"rank":163},{"article":"Μολδαβία","views":1453,"mobile_percentage":57.81,"rank":164},{"article":"Τρίκαλα","views":1449,"mobile_percentage":71.01,"rank":165},{"article":"Κιλκίς","views":1445,"mobile_percentage":66.92,"rank":166},{"article":"Παπούα Νέα Γουινέα","views":1443,"mobile_percentage":47.54,"rank":167},{"article":"Φθιώτιδα","views":1431,"mobile_percentage":64.71,"rank":168},{"article":"Μαδαγασκάρη","views":1417,"mobile_percentage":62.46,"rank":169},{"article":"Νήσοι Φερόε","views":1412,"mobile_percentage":62.25,"rank":170},{"article":"Κεντρική Ελλάδα","views":1408,"mobile_percentage":63.64,"rank":171},{"article":"Τρίπολη Αρκαδίας","views":1394,"mobile_percentage":57.32,"rank":172},{"article":"Αλεξάνδρεια Ημαθίας","views":1384,"mobile_percentage":68.28,"rank":173},{"article":"Βοσνία και Ερζεγοβίνη","views":1370,"mobile_percentage":51.68,"rank":174},{"article":"Άγιος Θωμάς Βοιωτίας","views":1361,"mobile_percentage":71.93,"rank":175},{"article":"Βορειοδυτική Ιταλία","views":1349,"mobile_percentage":67.9,"rank":176},{"article":"Κολομβία","views":1340,"mobile_percentage":50.07,"rank":177},{"article":"Βόρεια Εύβοια","views":1334,"mobile_percentage":72.19,"rank":178},{"article":"Κροατία","views":1331,"mobile_percentage":55.67,"rank":179},{"article":"Κεντρική Μακεδονία","views":1325,"mobile_percentage":67.92,"rank":180},{"article":"Πουέρτο Ρίκο","views":1309,"mobile_percentage":59.13,"rank":181},{"article":"Μαλαισία","views":1306,"mobile_percentage":56.81,"rank":182},{"article":"Γουαδελούπη","views":1304,"mobile_percentage":61.58,"rank":183},{"article":"Φινλανδία","views":1294,"mobile_percentage":56.11,"rank":184},{"article":"Άνω Δολιανά","views":1294,"mobile_percentage":68.08,"rank":185},{"article":"Σάμος","views":1290,"mobile_percentage":39.61,"rank":186},{"article":"Ηράκλειο","views":1287,"mobile_percentage":56.64,"rank":187},{"article":"Ιωάννινα","views":1278,"mobile_percentage":54.85,"rank":188},{"article":"Μογγολία","views":1266,"mobile_percentage":62.24,"rank":189},{"article":"Ακτή Ελεφαντοστού","views":1261,"mobile_percentage":67.8,"rank":190},{"article":"Φιλιππίνες","views":1257,"mobile_percentage":59.27,"rank":191},{"article":"Βελιγράδι","views":1256,"mobile_percentage":39.17,"rank":192},{"article":"Ουαλία","views":1249,"mobile_percentage":61.33,"rank":193},{"article":"Γιαννιτσά","views":1238,"mobile_percentage":62.2,"rank":194},{"article":"Νέα Καληδονία","views":1237,"mobile_percentage":64.27,"rank":195},{"article":"Βόρεια Κύπρος","views":1218,"mobile_percentage":63.46,"rank":196},{"article":"Ελ Σαλβαδόρ","views":1210,"mobile_percentage":63.14,"rank":197},{"article":"Χανιά","views":1201,"mobile_percentage":57.79,"rank":198},{"article":"Έβρος (Περιοχή)","views":1199,"mobile_percentage":58.3,"rank":199},{"article":"Σκανδιναβία","views":1195,"mobile_percentage":56.74,"rank":200},{"article":"Τοσκάνη","views":1190,"mobile_percentage":50.76,"rank":201},{"article":"Καύκασος","views":1184,"mobile_percentage":58.02,"rank":202},{"article":"Παξοί","views":1180,"mobile_percentage":59.75,"rank":203},{"article":"Τρίκαλα (Περιοχή)","views":1175,"mobile_percentage":70.38,"rank":204},{"article":"Βραζιλία","views":1169,"mobile_percentage":44.91,"rank":205},{"article":"Λαμία","views":1165,"mobile_percentage":65.49,"rank":206},{"article":"Εσθονία","views":1153,"mobile_percentage":49.61,"rank":207},{"article":"Λαϊκή Δημοκρατία του Κονγκό","views":1148,"mobile_percentage":53.92,"rank":208},{"article":"Λιβύη","views":1145,"mobile_percentage":49.26,"rank":209},{"article":"Αριδαία","views":1141,"mobile_percentage":71.17,"rank":210},{"article":"Κίεβο","views":1135,"mobile_percentage":36.92,"rank":211},{"article":"Νησιά της Ελλάδας","views":1134,"mobile_percentage":54.14,"rank":212},{"article":"Παλαιστινιακά Εδάφη","views":1134,"mobile_percentage":53.88,"rank":213},{"article":"Γη του Πυρός","views":1130,"mobile_percentage":70.88,"rank":214},{"article":"Τσεχία","views":1128,"mobile_percentage":51.42,"rank":215},{"article":"Μάνη","views":1126,"mobile_percentage":60.12,"rank":216},{"article":"Ουκρανία","views":1121,"mobile_percentage":49.33,"rank":217},{"article":"Αδριανούπολη","views":1105,"mobile_percentage":63.62,"rank":218},{"article":"Αλγερία","views":1103,"mobile_percentage":53.13,"rank":219},{"article":"Λετονία","views":1100,"mobile_percentage":54.55,"rank":220},{"article":"Εύβοια","views":1100,"mobile_percentage":54.82,"rank":221},{"article":"Μπουρκίνα Φάσο","views":1096,"mobile_percentage":59.31,"rank":222},{"article":"Απουλία","views":1094,"mobile_percentage":49.82,"rank":223},{"article":"Ζάκυνθος","views":1092,"mobile_percentage":52.29,"rank":224},{"article":"Λιχτενστάιν","views":1090,"mobile_percentage":60,"rank":225},{"article":"Λακωνία","views":1085,"mobile_percentage":64.33,"rank":226},{"article":"Μετέωρα","views":1085,"mobile_percentage":59.63,"rank":227},{"article":"Υπερσιβηρικός σιδηρόδρομος","views":1084,"mobile_percentage":51.57,"rank":228},{"article":"Πρώτη","views":1077,"mobile_percentage":51.9,"rank":229},{"article":"Σλοβενία","views":1075,"mobile_percentage":44.84,"rank":230},{"article":"Τανζανία","views":1071,"mobile_percentage":55.65,"rank":231},{"article":"Παταγονία (Αργεντινή)","views":1062,"mobile_percentage":72.32,"rank":232},{"article":"Ξάνθη","views":1059,"mobile_percentage":53.64,"rank":233},{"article":"Κένυα","views":1059,"mobile_percentage":43.15,"rank":234},{"article":"Κέρκυρα","views":1055,"mobile_percentage":52.23,"rank":235},{"article":"Κοσσυφοπέδιο","views":1048,"mobile_percentage":52.29,"rank":236},{"article":"Ιορδανία","views":1048,"mobile_percentage":37.88,"rank":237},{"article":"Ιταλικός γλωσσικός οδηγός","views":1047,"mobile_percentage":54.92,"rank":238},{"article":"Ιβηρία","views":1045,"mobile_percentage":55.6,"rank":239},{"article":"Δημοκρατία του Νταγκεστάν","views":1045,"mobile_percentage":68.13,"rank":240},{"article":"Μαρτινίκα","views":1045,"mobile_percentage":56.46,"rank":241},{"article":"Λισαβόνα","views":1043,"mobile_percentage":37.87,"rank":242},{"article":"Τουρκικός γλωσσικός οδηγός","views":1035,"mobile_percentage":63.29,"rank":243},{"article":"Σενεγάλη","views":1033,"mobile_percentage":65.15,"rank":244},{"article":"Φλώρινα","views":1033,"mobile_percentage":53.53,"rank":245},{"article":"Ουράλια","views":1030,"mobile_percentage":65.73,"rank":246},{"article":"Βρυξέλλες","views":1022,"mobile_percentage":40.22,"rank":247},{"article":"Βιέννη","views":1019,"mobile_percentage":42.79,"rank":248},{"article":"Λουξεμβούργο","views":1015,"mobile_percentage":53.5,"rank":249},{"article":"Λέσβος","views":1013,"mobile_percentage":54.39,"rank":250},{"article":"Λιθουανία","views":1006,"mobile_percentage":49.8,"rank":251},{"article":"Καμερούν","views":997,"mobile_percentage":49.15,"rank":252},{"article":"Έδεσσα","views":995,"mobile_percentage":68.04,"rank":253},{"article":"Βολιβία","views":994,"mobile_percentage":47.89,"rank":254},{"article":"Σλοβακία","views":993,"mobile_percentage":45.12,"rank":255},{"article":"Δυτική Ελλάδα","views":992,"mobile_percentage":78.63,"rank":256},{"article":"Άγιος Μαρίνος","views":988,"mobile_percentage":57.19,"rank":257},{"article":"Ταϊβάν","views":982,"mobile_percentage":50.31,"rank":258},{"article":"Νοτιοανατολική Ασία","views":980,"mobile_percentage":53.88,"rank":259},{"article":"Αμβούργο","views":978,"mobile_percentage":53.37,"rank":260},{"article":"Βερολίνο","views":978,"mobile_percentage":50.41,"rank":261},{"article":"Υεμένη","views":977,"mobile_percentage":54.55,"rank":262},{"article":"Καμπότζη","views":973,"mobile_percentage":52.93,"rank":263},{"article":"Λευκορωσία","views":968,"mobile_percentage":50.21,"rank":264},{"article":"Αμπχαζία","views":966,"mobile_percentage":47.83,"rank":265},{"article":"Τόνγκα","views":957,"mobile_percentage":66.04,"rank":266},{"article":"Φίτζι","views":957,"mobile_percentage":65.31,"rank":267},{"article":"Άμστερνταμ","views":956,"mobile_percentage":42.99,"rank":268},{"article":"Καστοριά","views":956,"mobile_percentage":51.46,"rank":269},{"article":"Ναύπακτος","views":954,"mobile_percentage":63.1,"rank":270},{"article":"Χαβάη","views":953,"mobile_percentage":54.56,"rank":271},{"article":"Λιβαδειά","views":952,"mobile_percentage":65.65,"rank":272},{"article":"Βόρεια Γαλλία","views":952,"mobile_percentage":77.73,"rank":273},{"article":"Λήμνος","views":949,"mobile_percentage":69.13,"rank":274},{"article":"Μαυριτανία","views":947,"mobile_percentage":64.2,"rank":275},{"article":"Πτολεμαΐδα","views":940,"mobile_percentage":65.32,"rank":276},{"article":"Βόρειος Οδικός Άξονας Κρήτης","views":936,"mobile_percentage":59.4,"rank":277},{"article":"Αταλάντη","views":936,"mobile_percentage":64.96,"rank":278},{"article":"Βέροια","views":932,"mobile_percentage":64.06,"rank":279},{"article":"Βατικανό","views":929,"mobile_percentage":53.82,"rank":280},{"article":"Καρδίτσα (Περιοχή)","views":925,"mobile_percentage":60.22,"rank":281},{"article":"Βόρεια Αφρική","views":922,"mobile_percentage":62.47,"rank":282},{"article":"Γουινέα","views":922,"mobile_percentage":51.3,"rank":283},{"article":"Ρέθυμνο","views":921,"mobile_percentage":55.48,"rank":284},{"article":"Γρεβενά","views":910,"mobile_percentage":65.6,"rank":285},{"article":"Βαρκελώνη","views":906,"mobile_percentage":63.8,"rank":286},{"article":"Κοζάνη","views":906,"mobile_percentage":57.73,"rank":287},{"article":"Ανδόρρα","views":905,"mobile_percentage":61.22,"rank":288},{"article":"Νήσοι Φόκλαντ","views":896,"mobile_percentage":50.67,"rank":289},{"article":"Ομάν","views":895,"mobile_percentage":53.74,"rank":290},{"article":"Ιράκ","views":888,"mobile_percentage":41.89,"rank":291},{"article":"Νότια Γερμανία","views":887,"mobile_percentage":69.45,"rank":292},{"article":"Πλαταμώνας","views":885,"mobile_percentage":55.14,"rank":293},{"article":"Άνδρος","views":883,"mobile_percentage":53.79,"rank":294},{"article":"Δράμα","views":882,"mobile_percentage":65.53,"rank":295},{"article":"Μον-Σαιν-Μισέλ","views":880,"mobile_percentage":48.52,"rank":296},{"article":"Σέριφος","views":869,"mobile_percentage":58.57,"rank":297},{"article":"Τύρναβος","views":866,"mobile_percentage":71.82,"rank":298},{"article":"Αρχική Σελίδα","views":859,"mobile_percentage":66.12,"rank":299},{"article":"Καρπενήσι","views":853,"mobile_percentage":78.19,"rank":300},{"article":"Γαλλικός γλωσσικός οδηγός","views":852,"mobile_percentage":35.33,"rank":301},{"article":"Σομαλία","views":850,"mobile_percentage":51.88,"rank":302},{"article":"Σιέρα Λεόνε","views":847,"mobile_percentage":60.92,"rank":303},{"article":"Βόρεια Ισπανία","views":839,"mobile_percentage":74.37,"rank":304},{"article":"Ναύπλιο","views":837,"mobile_percentage":64.87,"rank":305},{"article":"Νέες Παγασές","views":835,"mobile_percentage":69.94,"rank":306},{"article":"Φιλιππούπολη","views":832,"mobile_percentage":60.58,"rank":307},{"article":"Κύθηρα","views":831,"mobile_percentage":39.95,"rank":308},{"article":"Κόρινθος","views":829,"mobile_percentage":63.57,"rank":309},{"article":"Αιθιοπία","views":825,"mobile_percentage":56.48,"rank":310},{"article":"Ροδόπη","views":821,"mobile_percentage":68.45,"rank":311},{"article":"Βόρεια Ρηνανία-Βεστφαλία","views":817,"mobile_percentage":50.43,"rank":312},{"article":"Βαρσοβία","views":815,"mobile_percentage":48.34,"rank":313},{"article":"Περού","views":808,"mobile_percentage":52.48,"rank":314},{"article":"Κατάρ","views":801,"mobile_percentage":55.56,"rank":315},{"article":"Υπερδνειστερία","views":798,"mobile_percentage":58.15,"rank":316},{"article":"Μικρονησία","views":798,"mobile_percentage":58.77,"rank":317},{"article":"Δομινικανή Δημοκρατία","views":794,"mobile_percentage":55.42,"rank":318},{"article":"Μπενίν","views":794,"mobile_percentage":41.44,"rank":319},{"article":"Βέρνη","views":785,"mobile_percentage":42.55,"rank":320},{"article":"Ιθάκη","views":781,"mobile_percentage":65.3,"rank":321},{"article":"Μέτσοβο","views":780,"mobile_percentage":66.41,"rank":322},{"article":"Κρακοβία/Παλιά Πόλη","views":774,"mobile_percentage":52.45,"rank":323},{"article":"Σάο Πάολο","views":773,"mobile_percentage":37.9,"rank":324},{"article":"Πεκίνο","views":773,"mobile_percentage":53.17,"rank":325},{"article":"Δημοκρατία του Κονγκό","views":768,"mobile_percentage":56.51,"rank":326},{"article":"Βενετία","views":766,"mobile_percentage":32.38,"rank":327},{"article":"Καλάβρυτα","views":765,"mobile_percentage":74.12,"rank":328},{"article":"Σόφια","views":762,"mobile_percentage":52.1,"rank":329},{"article":"Σουρινάμ","views":760,"mobile_percentage":52.89,"rank":330},{"article":"Κριμαία","views":759,"mobile_percentage":50.07,"rank":331},{"article":"Ανατολική Μακεδονία","views":754,"mobile_percentage":60.48,"rank":332},{"article":"Κυανή Ακτή","views":743,"mobile_percentage":67.16,"rank":333},{"article":"Γκάνα","views":742,"mobile_percentage":53.64,"rank":334},{"article":"Κεντρική Ιταλία","views":740,"mobile_percentage":66.22,"rank":335},{"article":"Μαγνησία","views":739,"mobile_percentage":57.37,"rank":336},{"article":"Πρίστινα","views":738,"mobile_percentage":65.31,"rank":337},{"article":"Χρυσούπολη","views":738,"mobile_percentage":60.43,"rank":338},{"article":"Σεούλ","views":737,"mobile_percentage":51.97,"rank":339},{"article":"Πολυνησία","views":731,"mobile_percentage":53.35,"rank":340},{"article":"Ανατολικά Πυρηναία","views":730,"mobile_percentage":58.22,"rank":341},{"article":"Ονδούρα","views":730,"mobile_percentage":49.32,"rank":342},{"article":"Γουιάνα","views":725,"mobile_percentage":57.38,"rank":343},{"article":"Γένοβα","views":724,"mobile_percentage":62.29,"rank":344},{"article":"Τζιμπουτί","views":723,"mobile_percentage":64.18,"rank":345},{"article":"Νότια Ασία","views":720,"mobile_percentage":41.11,"rank":346},{"article":"Λάρνακα","views":719,"mobile_percentage":61.06,"rank":347},{"article":"Αζόρες","views":717,"mobile_percentage":52.3,"rank":348},{"article":"Τεχεράνη","views":716,"mobile_percentage":54.61,"rank":349},{"article":"Αφγανιστάν","views":713,"mobile_percentage":46.98,"rank":350},{"article":"Σέρρες (Περιοχή)","views":709,"mobile_percentage":65.3,"rank":351},{"article":"Μπίτολα","views":707,"mobile_percentage":63.37,"rank":352},{"article":"Κεντρική Ασία","views":706,"mobile_percentage":44.19,"rank":353},{"article":"Κουρασάο","views":700,"mobile_percentage":56.57,"rank":354},{"article":"Τόκιο","views":696,"mobile_percentage":45.11,"rank":355},{"article":"Σουδάν","views":689,"mobile_percentage":52.69,"rank":356},{"article":"Μπρατισλάβα","views":686,"mobile_percentage":60.35,"rank":357},{"article":"Βόνιτσα","views":685,"mobile_percentage":75.91,"rank":358},{"article":"Βαυαρία","views":683,"mobile_percentage":51.68,"rank":359},{"article":"Μεγάλος Κοραλλιογενής Ύφαλος","views":683,"mobile_percentage":64.86,"rank":360},{"article":"Σκιάθος","views":682,"mobile_percentage":55.72,"rank":361},{"article":"Θήβα","views":681,"mobile_percentage":61.53,"rank":362},{"article":"Ουγκάντα","views":681,"mobile_percentage":55.8,"rank":363},{"article":"Βεργίνα","views":678,"mobile_percentage":60.91,"rank":364},{"article":"Τατζικιστάν","views":678,"mobile_percentage":47.79,"rank":365},{"article":"Μποτσουάνα","views":675,"mobile_percentage":55.56,"rank":366},{"article":"Μπενελούξ","views":675,"mobile_percentage":55.11,"rank":367},{"article":"Μιλάνο","views":667,"mobile_percentage":38.68,"rank":368},{"article":"Κιλκίς (περιοχή)","views":658,"mobile_percentage":66.57,"rank":369},{"article":"Γουμένισσα","views":654,"mobile_percentage":75.69,"rank":370},{"article":"Νέα Αγχίαλος","views":652,"mobile_percentage":69.02,"rank":371},{"article":"Λομβαρδία","views":650,"mobile_percentage":65.85,"rank":372},{"article":"Σαμόα","views":650,"mobile_percentage":51.69,"rank":373},{"article":"Όσλο","views":648,"mobile_percentage":43.06,"rank":374},{"article":"Ρίο ντε Τζανέιρο","views":647,"mobile_percentage":49.77,"rank":375},{"article":"Λάος","views":647,"mobile_percentage":50.85,"rank":376},{"article":"Δυτική Γερμανία","views":643,"mobile_percentage":63.61,"rank":377},{"article":"Νότια Εύβοια","views":640,"mobile_percentage":78.13,"rank":378},{"article":"Ιεράπετρα","views":638,"mobile_percentage":60.34,"rank":379},{"article":"Κατερίνη","views":638,"mobile_percentage":59.56,"rank":380},{"article":"Σκόπια","views":637,"mobile_percentage":61.7,"rank":381},{"article":"Ηλεία","views":636,"mobile_percentage":58.96,"rank":382},{"article":"Υάμεια","views":634,"mobile_percentage":51.26,"rank":383},{"article":"Νέα Υόρκη (πολιτεία)","views":633,"mobile_percentage":69.04,"rank":384},{"article":"Ρουάντα","views":629,"mobile_percentage":45.95,"rank":385},{"article":"Βαγδάτη","views":628,"mobile_percentage":38.06,"rank":386},{"article":"Αγγλικός γλωσσικός οδηγός","views":628,"mobile_percentage":38.06,"rank":387},{"article":"Μπανγκλαντές","views":626,"mobile_percentage":49.36,"rank":388},{"article":"Φλάνδρα","views":625,"mobile_percentage":57.44,"rank":389},{"article":"Φάρσαλα","views":625,"mobile_percentage":62.08,"rank":390},{"article":"Μάριμπορ","views":624,"mobile_percentage":75.16,"rank":391},{"article":"Ζάμπια","views":617,"mobile_percentage":57.21,"rank":392},{"article":"Βερμούδες","views":617,"mobile_percentage":50.41,"rank":393},{"article":"Γαλλική Πολυνησία","views":617,"mobile_percentage":57.7,"rank":394},{"article":"Παραγουάη","views":615,"mobile_percentage":52.85,"rank":395},{"article":"Ελσίνκι","views":615,"mobile_percentage":37.89,"rank":396},{"article":"Άμφισσα","views":614,"mobile_percentage":70.52,"rank":397},{"article":"Αγριά","views":613,"mobile_percentage":52.85,"rank":398},{"article":"Θήρα","views":610,"mobile_percentage":63.77,"rank":399},{"article":"Τασμανία","views":610,"mobile_percentage":57.54,"rank":400},{"article":"Λεσότο","views":610,"mobile_percentage":60,"rank":401},{"article":"Ήπειρος","views":609,"mobile_percentage":61.08,"rank":402},{"article":"Νότιο Σουδάν","views":604,"mobile_percentage":51.16,"rank":403},{"article":"Τασκένδη","views":604,"mobile_percentage":49.17,"rank":404},{"article":"Ερυθραία","views":604,"mobile_percentage":45.7,"rank":405},{"article":"Αμύνταιο","views":603,"mobile_percentage":47.26,"rank":406},{"article":"Λέρος","views":602,"mobile_percentage":61.79,"rank":407},{"article":"Βόρεια Ιρλανδία","views":598,"mobile_percentage":51,"rank":408},{"article":"Γιορκσάιρ","views":597,"mobile_percentage":68.01,"rank":409},{"article":"Θεσσαλονίκη (Περιοχή)","views":596,"mobile_percentage":58.89,"rank":410},{"article":"Αρκαδία","views":594,"mobile_percentage":49.83,"rank":411},{"article":"Μπαχρέιν","views":594,"mobile_percentage":53.87,"rank":412},{"article":"Μοζαμβίκη","views":589,"mobile_percentage":51.95,"rank":413},{"article":"Ηνωμένες Πολιτείες της Αμερικής","views":589,"mobile_percentage":42.61,"rank":414},{"article":"Μόσχα","views":584,"mobile_percentage":40.92,"rank":415},{"article":"Δυτική Σαχάρα","views":584,"mobile_percentage":51.03,"rank":416},{"article":"Βοιωτία","views":576,"mobile_percentage":56.77,"rank":417},{"article":"Πενσυλβάνια","views":574,"mobile_percentage":59.23,"rank":418},{"article":"Μελβούρνη","views":571,"mobile_percentage":42.73,"rank":419},{"article":"Αθήνα/Μεσόγεια","views":569,"mobile_percentage":60.81,"rank":420},{"article":"Περπινιάν","views":569,"mobile_percentage":56.24,"rank":421},{"article":"Καστέλο Βενετίας","views":565,"mobile_percentage":39.29,"rank":422},{"article":"Βουδαπέστη","views":562,"mobile_percentage":58.72,"rank":423},{"article":"Μπρουνέι","views":561,"mobile_percentage":50.45,"rank":424},{"article":"Ταξιδιωτικά θέματα","views":559,"mobile_percentage":31.31,"rank":425},{"article":"Αίγινα (Χώρα)","views":554,"mobile_percentage":70.22,"rank":426},{"article":"Κορώνη","views":554,"mobile_percentage":58.48,"rank":427},{"article":"Μπαχάμες","views":553,"mobile_percentage":52.62,"rank":428},{"article":"Μυτιλήνη","views":551,"mobile_percentage":59.53,"rank":429},{"article":"Καμπανία Ιταλίας","views":549,"mobile_percentage":61.75,"rank":430},{"article":"Πειραιάς","views":546,"mobile_percentage":50.55,"rank":431},{"article":"Καρδίτσα","views":546,"mobile_percentage":53.85,"rank":432},{"article":"Μύκονος","views":545,"mobile_percentage":44.77,"rank":433},{"article":"Κοπεγχάγη","views":545,"mobile_percentage":54.13,"rank":434},{"article":"Βορειοανατολική Ιταλία","views":544,"mobile_percentage":79.23,"rank":435},{"article":"Ευρωπαϊκή Ένωση","views":543,"mobile_percentage":29.83,"rank":436},{"article":"Κεντρική Εύβοια","views":540,"mobile_percentage":80.56,"rank":437},{"article":"Λιουμπλιάνα","views":536,"mobile_percentage":45.52,"rank":438},{"article":"Ύδρα","views":535,"mobile_percentage":64.49,"rank":439},{"article":"Δημοκρατία της Τσετσενίας","views":532,"mobile_percentage":55.08,"rank":440},{"article":"Σκόπελος","views":532,"mobile_percentage":66.92,"rank":441},{"article":"Κουβέιτ","views":530,"mobile_percentage":55.28,"rank":442},{"article":"Νουούκ","views":528,"mobile_percentage":47.73,"rank":443},{"article":"Τίρανα","views":527,"mobile_percentage":49.34,"rank":444},{"article":"Κανάριες Νήσοι","views":527,"mobile_percentage":56.55,"rank":445},{"article":"Βανουάτου","views":525,"mobile_percentage":47.43,"rank":446},{"article":"Δελφοί","views":524,"mobile_percentage":56.3,"rank":447},{"article":"Ταξιδιωτικές διαδρομές","views":524,"mobile_percentage":39.5,"rank":448},{"article":"Νότια Ρωσία","views":522,"mobile_percentage":61.69,"rank":449},{"article":"Σπάρτη","views":522,"mobile_percentage":55.56,"rank":450},{"article":"Κορσική","views":521,"mobile_percentage":50.86,"rank":451},{"article":"Τήνος","views":517,"mobile_percentage":81.04,"rank":452},{"article":"Θεσσαλία","views":514,"mobile_percentage":60.31,"rank":453},{"article":"Κέιμαν Νήσοι","views":514,"mobile_percentage":50.58,"rank":454},{"article":"Παλαιό Φάληρο","views":513,"mobile_percentage":71.15,"rank":455},{"article":"Ασπροβάλτα","views":512,"mobile_percentage":65.04,"rank":456},{"article":"Μεγαλόπολη","views":511,"mobile_percentage":68.69,"rank":457},{"article":"Ηγουμενίτσα","views":511,"mobile_percentage":61.25,"rank":458},{"article":"Κωνσταντινούπολη","views":509,"mobile_percentage":41.85,"rank":459},{"article":"Ανατολική Ασία","views":506,"mobile_percentage":50,"rank":460},{"article":"Μόσχα - Θεσσαλονίκη οδικώς","views":503,"mobile_percentage":63.62,"rank":461},{"article":"Μπουτάν","views":502,"mobile_percentage":50.6,"rank":462},{"article":"Μαλάουι","views":500,"mobile_percentage":55.8,"rank":463},{"article":"Δαμασκός","views":500,"mobile_percentage":54.2,"rank":464},{"article":"Ρεϋνιόν","views":500,"mobile_percentage":58.2,"rank":465},{"article":"Αστυπάλαια","views":499,"mobile_percentage":62.73,"rank":466},{"article":"Αργολίδα","views":498,"mobile_percentage":61.24,"rank":467},{"article":"Αλμάτι","views":497,"mobile_percentage":48.29,"rank":468},{"article":"Ζιμπάμπουε","views":495,"mobile_percentage":52.12,"rank":469},{"article":"Μαδρίτη","views":494,"mobile_percentage":55.67,"rank":470},{"article":"Θάσος","views":493,"mobile_percentage":58.01,"rank":471},{"article":"Συρία","views":493,"mobile_percentage":51.52,"rank":472},{"article":"Βουκουρέστι","views":492,"mobile_percentage":35.57,"rank":473},{"article":"Δυτικές Κάτω Χώρες","views":491,"mobile_percentage":38.09,"rank":474},{"article":"Αγκριτζέντο","views":491,"mobile_percentage":63.95,"rank":475},{"article":"Λιβανάτες","views":487,"mobile_percentage":65.5,"rank":476},{"article":"Μολδαβία (Ρουμανία)","views":487,"mobile_percentage":65.09,"rank":477},{"article":"Άγκυρα","views":485,"mobile_percentage":42.68,"rank":478},{"article":"Οδησσός","views":485,"mobile_percentage":40.82,"rank":479},{"article":"Καλλονή (Λέσβος)","views":484,"mobile_percentage":63.02,"rank":480},{"article":"Χαριλάου","views":479,"mobile_percentage":63.47,"rank":481},{"article":"Άγιος Νικόλαος","views":478,"mobile_percentage":52.72,"rank":482},{"article":"Σαμοθράκη","views":477,"mobile_percentage":46.75,"rank":483},{"article":"Ταξιδεύοντας οικονομικά με αεροπλάνο","views":477,"mobile_percentage":39.83,"rank":484},{"article":"Μάλι","views":477,"mobile_percentage":45.91,"rank":485},{"article":"Ναμούρ","views":477,"mobile_percentage":53.04,"rank":486},{"article":"Μείνετε ασφαλείς","views":477,"mobile_percentage":42.98,"rank":487},{"article":"Καζάν","views":476,"mobile_percentage":39.92,"rank":488},{"article":"Βηρυτός","views":475,"mobile_percentage":49.47,"rank":489},{"article":"Ταταρστάν","views":474,"mobile_percentage":47.05,"rank":490},{"article":"Ακτάου","views":474,"mobile_percentage":53.16,"rank":491},{"article":"Κουίνσλαντ","views":474,"mobile_percentage":55.06,"rank":492},{"article":"Βρετανικές Παρθένοι Νήσοι","views":472,"mobile_percentage":45.34,"rank":493},{"article":"Γκρατς","views":468,"mobile_percentage":54.06,"rank":494},{"article":"Ερζερούμ","views":467,"mobile_percentage":54.6,"rank":495},{"article":"Νέα Αγγλία","views":467,"mobile_percentage":63.38,"rank":496},{"article":"Θράκη","views":465,"mobile_percentage":47.1,"rank":497},{"article":"Βαλεαρίδες Νήσοι","views":465,"mobile_percentage":60.43,"rank":498},{"article":"Δυρράχιο","views":465,"mobile_percentage":52.69,"rank":499},{"article":"Λεμεσός","views":464,"mobile_percentage":53.23,"rank":500},{"article":"Τρινιντάντ και Τομπάγκο","views":464,"mobile_percentage":48.71,"rank":501}]