[{"article":"Página principal","views":121578,"mobile_percentage":31.51,"rank":1},{"article":"Cordillera de los Andes","views":21926,"mobile_percentage":53.5,"rank":2},{"article":"Provincia de Barcelona","views":11033,"mobile_percentage":75.58,"rank":3},{"article":"Danubio","views":10676,"mobile_percentage":33.98,"rank":4},{"article":"Taiwán","views":8911,"mobile_percentage":20.02,"rank":5},{"article":"Estado de Nueva York","views":8702,"mobile_percentage":55.58,"rank":6},{"article":"Unión Soviética","views":8296,"mobile_percentage":69.55,"rank":7},{"article":"Sudamérica","views":7513,"mobile_percentage":30.39,"rank":8},{"article":"Norte de España","views":7151,"mobile_percentage":74.79,"rank":9},{"article":"Provincia de Córdoba (Argentina)","views":7081,"mobile_percentage":31.1,"rank":10},{"article":"América","views":6847,"mobile_percentage":33.04,"rank":11},{"article":"Portada","views":5995,"mobile_percentage":8.32,"rank":12},{"article":"Jalisco","views":5695,"mobile_percentage":34.94,"rank":13},{"article":"Estado de Veracruz","views":5343,"mobile_percentage":50.29,"rank":14},{"article":"Italia","views":5330,"mobile_percentage":28.76,"rank":15},{"article":"España","views":5170,"mobile_percentage":38.68,"rank":16},{"article":"Corea del Sur","views":5147,"mobile_percentage":32.8,"rank":17},{"article":"China","views":5045,"mobile_percentage":34.45,"rank":18},{"article":"Antártida","views":4662,"mobile_percentage":37.73,"rank":19},{"article":"Parques nacionales de Venezuela","views":4506,"mobile_percentage":57.5,"rank":20},{"article":"Portugal","views":4333,"mobile_percentage":39.67,"rank":21},{"article":"África","views":4254,"mobile_percentage":33.36,"rank":22},{"article":"Provincia de Tucumán","views":4145,"mobile_percentage":28.88,"rank":23},{"article":"Kosovo","views":4012,"mobile_percentage":37.61,"rank":24},{"article":"Isla de Pascua","views":3950,"mobile_percentage":53.04,"rank":25},{"article":"Costa Este","views":3837,"mobile_percentage":56.82,"rank":26},{"article":"Mérida (Venezuela)","views":3756,"mobile_percentage":44.7,"rank":27},{"article":"Islas Malvinas","views":3754,"mobile_percentage":41.18,"rank":28},{"article":"India","views":3650,"mobile_percentage":32.82,"rank":29},{"article":"Buenos Aires","views":3603,"mobile_percentage":30.17,"rank":30},{"article":"Vizcaya","views":3596,"mobile_percentage":18.88,"rank":31},{"article":"Budapest","views":3593,"mobile_percentage":60.01,"rank":32},{"article":"Canadá","views":3517,"mobile_percentage":45.98,"rank":33},{"article":"Ciudad de México","views":3485,"mobile_percentage":26.66,"rank":34},{"article":"Países Bajos","views":3424,"mobile_percentage":38.87,"rank":35},{"article":"Nueva Inglaterra","views":3414,"mobile_percentage":56.94,"rank":36},{"article":"Tlaxcala","views":3370,"mobile_percentage":56.23,"rank":37},{"article":"Paraguay","views":3291,"mobile_percentage":33.06,"rank":38},{"article":"Venezuela","views":3161,"mobile_percentage":57.83,"rank":39},{"article":"Florianópolis","views":3140,"mobile_percentage":73.85,"rank":40},{"article":"Castilla y León","views":3134,"mobile_percentage":60.02,"rank":41},{"article":"Mar del Plata","views":3109,"mobile_percentage":64.97,"rank":42},{"article":"Antioquia","views":3071,"mobile_percentage":31.72,"rank":43},{"article":"California","views":3028,"mobile_percentage":39.8,"rank":44},{"article":"Francia","views":2997,"mobile_percentage":38.17,"rank":45},{"article":"Argentina","views":2997,"mobile_percentage":42.94,"rank":46},{"article":"Frigiliana","views":2955,"mobile_percentage":85.99,"rank":47},{"article":"Notas de viaje","views":2895,"mobile_percentage":65.42,"rank":48},{"article":"Nueva Esparta","views":2850,"mobile_percentage":60.91,"rank":49},{"article":"Costa Rica","views":2845,"mobile_percentage":34.06,"rank":50},{"article":"Benito Juárez (Ciudad de México)","views":2835,"mobile_percentage":17.71,"rank":51},{"article":"Europa","views":2833,"mobile_percentage":23.86,"rank":52},{"article":"Monagas","views":2766,"mobile_percentage":64.9,"rank":53},{"article":"Sudáfrica","views":2759,"mobile_percentage":67.81,"rank":54},{"article":"México","views":2730,"mobile_percentage":34.43,"rank":55},{"article":"Estados Unidos","views":2689,"mobile_percentage":35.14,"rank":56},{"article":"Norteamérica","views":2688,"mobile_percentage":38.32,"rank":57},{"article":"Bolivia","views":2652,"mobile_percentage":22.47,"rank":58},{"article":"Estambul","views":2614,"mobile_percentage":40.4,"rank":59},{"article":"Acampar sin dejar rastro","views":2580,"mobile_percentage":65.5,"rank":60},{"article":"Chicago","views":2575,"mobile_percentage":50.91,"rank":61},{"article":"Nueva York","views":2569,"mobile_percentage":37.25,"rank":62},{"article":"Virginia Occidental","views":2550,"mobile_percentage":25.49,"rank":63},{"article":"Hungría","views":2521,"mobile_percentage":47.84,"rank":64},{"article":"Santander (España)","views":2445,"mobile_percentage":56.24,"rank":65},{"article":"Cuenca (España)","views":2444,"mobile_percentage":58.59,"rank":66},{"article":"París","views":2437,"mobile_percentage":29.01,"rank":67},{"article":"Japón","views":2391,"mobile_percentage":35.17,"rank":68},{"article":"Centroamérica y el Caribe","views":2383,"mobile_percentage":39.91,"rank":69},{"article":"Alcalá de Henares","views":2382,"mobile_percentage":39.71,"rank":70},{"article":"Parques nacionales de Estados Unidos","views":2338,"mobile_percentage":40.98,"rank":71},{"article":"Hong Kong","views":2328,"mobile_percentage":37.03,"rank":72},{"article":"Filipinas","views":2294,"mobile_percentage":34.61,"rank":73},{"article":"San Isidro","views":2280,"mobile_percentage":3.9,"rank":74},{"article":"Medellín","views":2258,"mobile_percentage":36.45,"rank":75},{"article":"Washington (estado)","views":2253,"mobile_percentage":45.76,"rank":76},{"article":"San Francisco","views":2217,"mobile_percentage":36.49,"rank":77},{"article":"Nuevo León","views":2203,"mobile_percentage":40.9,"rank":78},{"article":"Provincia de Almería","views":2197,"mobile_percentage":34.77,"rank":79},{"article":"Guías de conversación","views":2194,"mobile_percentage":62.35,"rank":80},{"article":"Villajoyosa","views":2171,"mobile_percentage":85.63,"rank":81},{"article":"Sur de España","views":2159,"mobile_percentage":74.43,"rank":82},{"article":"Panamá","views":2158,"mobile_percentage":30.35,"rank":83},{"article":"Mónaco","views":2143,"mobile_percentage":39.15,"rank":84},{"article":"El Salvador","views":2135,"mobile_percentage":34.75,"rank":85},{"article":"Sucre (Bolivia)","views":2113,"mobile_percentage":43.63,"rank":86},{"article":"Iquitos","views":2105,"mobile_percentage":29.03,"rank":87},{"article":"Estado de Campeche","views":2094,"mobile_percentage":51.81,"rank":88},{"article":"Estado de Chihuahua","views":2079,"mobile_percentage":44.01,"rank":89},{"article":"Oceanía","views":2077,"mobile_percentage":45.4,"rank":90},{"article":"Termales de Santa Rosa de Cabal","views":2037,"mobile_percentage":59.01,"rank":91},{"article":"Rusia","views":2019,"mobile_percentage":46.41,"rank":92},{"article":"Machu Picchu","views":2018,"mobile_percentage":61,"rank":93},{"article":"Perú","views":2001,"mobile_percentage":32.83,"rank":94},{"article":"Luxemburgo","views":1989,"mobile_percentage":35.7,"rank":95},{"article":"Alemania","views":1978,"mobile_percentage":28.72,"rank":96},{"article":"Mérida (España)","views":1963,"mobile_percentage":57.72,"rank":97},{"article":"Varsovia","views":1956,"mobile_percentage":42.59,"rank":98},{"article":"Islandia","views":1925,"mobile_percentage":28.36,"rank":99},{"article":"Australia","views":1924,"mobile_percentage":18.45,"rank":100},{"article":"Noroeste de España","views":1924,"mobile_percentage":55.82,"rank":101},{"article":"Santiago de Chile","views":1921,"mobile_percentage":31.29,"rank":102},{"article":"Chile","views":1905,"mobile_percentage":36.59,"rank":103},{"article":"Estado de San Luis Potosí","views":1896,"mobile_percentage":42.14,"rank":104},{"article":"Palma de Mallorca","views":1883,"mobile_percentage":20.34,"rank":105},{"article":"Provincia de Valladolid","views":1873,"mobile_percentage":41.86,"rank":106},{"article":"Estado Mérida","views":1859,"mobile_percentage":54.22,"rank":107},{"article":"Rumania","views":1851,"mobile_percentage":49.97,"rank":108},{"article":"Noruega","views":1850,"mobile_percentage":52.27,"rank":109},{"article":"Bélgica","views":1844,"mobile_percentage":51.03,"rank":110},{"article":"Distrito Capital (Venezuela)","views":1834,"mobile_percentage":59.32,"rank":111},{"article":"Hawái","views":1809,"mobile_percentage":33.44,"rank":112},{"article":"Inglaterra","views":1805,"mobile_percentage":28.86,"rank":113},{"article":"Colombia","views":1803,"mobile_percentage":39.6,"rank":114},{"article":"Países de la A a la Z","views":1796,"mobile_percentage":36.25,"rank":115},{"article":"La Manga del Mar Menor","views":1794,"mobile_percentage":70.51,"rank":116},{"article":"Córdoba (Argentina)","views":1752,"mobile_percentage":34.65,"rank":117},{"article":"Antillas Mayores","views":1750,"mobile_percentage":61.66,"rank":118},{"article":"Londres","views":1744,"mobile_percentage":25.69,"rank":119},{"article":"Hospitalet de Llobregat","views":1742,"mobile_percentage":76.46,"rank":120},{"article":"Barcelona","views":1733,"mobile_percentage":44.32,"rank":121},{"article":"Provincia de Granada","views":1733,"mobile_percentage":37.22,"rank":122},{"article":"Carolina del Sur","views":1724,"mobile_percentage":63.57,"rank":123},{"article":"Provincia de Córdoba (España)","views":1723,"mobile_percentage":30.93,"rank":124},{"article":"Madrid","views":1718,"mobile_percentage":37.37,"rank":125},{"article":"República Checa","views":1715,"mobile_percentage":32.13,"rank":126},{"article":"Seúl","views":1701,"mobile_percentage":38.92,"rank":127},{"article":"República Dominicana","views":1691,"mobile_percentage":45.59,"rank":128},{"article":"Asunción","views":1691,"mobile_percentage":21.53,"rank":129},{"article":"Uruguay","views":1690,"mobile_percentage":39.64,"rank":130},{"article":"Asia","views":1651,"mobile_percentage":20.53,"rank":131},{"article":"Lima/Lima Oeste","views":1642,"mobile_percentage":46.16,"rank":132},{"article":"Emiratos Árabes Unidos","views":1636,"mobile_percentage":54.52,"rank":133},{"article":"Armenia","views":1629,"mobile_percentage":49.66,"rank":134},{"article":"Ciudad de Guatemala","views":1620,"mobile_percentage":36.36,"rank":135},{"article":"Tailandia","views":1609,"mobile_percentage":28.65,"rank":136},{"article":"Sevilla","views":1597,"mobile_percentage":56.54,"rank":137},{"article":"Río de Janeiro","views":1588,"mobile_percentage":30.92,"rank":138},{"article":"Provenza-Alpes-Costa Azul","views":1583,"mobile_percentage":27.86,"rank":139},{"article":"Guía de inglés","views":1583,"mobile_percentage":25.08,"rank":140},{"article":"Dubái","views":1582,"mobile_percentage":26.93,"rank":141},{"article":"Parque Nacional Yellowstone","views":1578,"mobile_percentage":30.48,"rank":142},{"article":"Córdoba (España)","views":1552,"mobile_percentage":45.36,"rank":143},{"article":"Utah","views":1552,"mobile_percentage":52.38,"rank":144},{"article":"Distrito Metropolitano de Caracas","views":1551,"mobile_percentage":34.56,"rank":145},{"article":"Coahuila","views":1550,"mobile_percentage":38.26,"rank":146},{"article":"Guadalajara (México)","views":1549,"mobile_percentage":45.32,"rank":147},{"article":"Pekín","views":1542,"mobile_percentage":23.15,"rank":148},{"article":"Ecuador","views":1538,"mobile_percentage":22.69,"rank":149},{"article":"Berlín","views":1538,"mobile_percentage":37.32,"rank":150},{"article":"Macao","views":1537,"mobile_percentage":52.96,"rank":151},{"article":"Panguipulli","views":1536,"mobile_percentage":88.93,"rank":152},{"article":"Ámsterdam","views":1525,"mobile_percentage":29.97,"rank":153},{"article":"Punta Cana","views":1518,"mobile_percentage":55.2,"rank":154},{"article":"Principado de Asturias","views":1516,"mobile_percentage":34.89,"rank":155},{"article":"Tuxtla Gutiérrez","views":1516,"mobile_percentage":79.02,"rank":156},{"article":"Murcia","views":1515,"mobile_percentage":37.89,"rank":157},{"article":"Fráncfort del Meno","views":1510,"mobile_percentage":61.46,"rank":158},{"article":"Atenas","views":1506,"mobile_percentage":38.05,"rank":159},{"article":"Medio oeste de Estados Unidos","views":1504,"mobile_percentage":44.15,"rank":160},{"article":"Turquía","views":1500,"mobile_percentage":31.53,"rank":161},{"article":"Polinesia","views":1475,"mobile_percentage":47.19,"rank":162},{"article":"Shanghái","views":1472,"mobile_percentage":27.24,"rank":163},{"article":"Corea del Norte","views":1471,"mobile_percentage":39.97,"rank":164},{"article":"Provincia de Salamanca","views":1470,"mobile_percentage":40.48,"rank":165},{"article":"Lima","views":1464,"mobile_percentage":26.84,"rank":166},{"article":"Bahamas","views":1435,"mobile_percentage":28.29,"rank":167},{"article":"Roma","views":1426,"mobile_percentage":31.63,"rank":168},{"article":"La Palma","views":1425,"mobile_percentage":33.05,"rank":169},{"article":"Reikiavik","views":1424,"mobile_percentage":69.94,"rank":170},{"article":"Brasil","views":1423,"mobile_percentage":39.42,"rank":171},{"article":"Naturismo","views":1416,"mobile_percentage":56.71,"rank":172},{"article":"La Rioja (España)","views":1411,"mobile_percentage":35.79,"rank":173},{"article":"Viena","views":1408,"mobile_percentage":41.69,"rank":174},{"article":"Valencia (España)","views":1404,"mobile_percentage":26.42,"rank":175},{"article":"Pensilvania","views":1397,"mobile_percentage":58.98,"rank":176},{"article":"Mérida (México)","views":1396,"mobile_percentage":38.32,"rank":177},{"article":"La Paz (Bolivia)","views":1394,"mobile_percentage":41.61,"rank":178},{"article":"Cádiz","views":1385,"mobile_percentage":53.57,"rank":179},{"article":"Altea","views":1375,"mobile_percentage":72.95,"rank":180},{"article":"Santa Catarina","views":1372,"mobile_percentage":46.14,"rank":181},{"article":"Tokio","views":1372,"mobile_percentage":48.91,"rank":182},{"article":"Bangkok","views":1361,"mobile_percentage":38.28,"rank":183},{"article":"Azerbaiyán","views":1360,"mobile_percentage":51.18,"rank":184},{"article":"Israel","views":1348,"mobile_percentage":37.09,"rank":185},{"article":"Praga","views":1320,"mobile_percentage":34.55,"rank":186},{"article":"Vietnam","views":1316,"mobile_percentage":38.15,"rank":187},{"article":"Barquisimeto","views":1304,"mobile_percentage":55.98,"rank":188},{"article":"Bangladés","views":1304,"mobile_percentage":48.39,"rank":189},{"article":"Marsella","views":1292,"mobile_percentage":42.65,"rank":190},{"article":"Rosario","views":1285,"mobile_percentage":31.44,"rank":191},{"article":"Belgrado","views":1283,"mobile_percentage":46.3,"rank":192},{"article":"Múnich","views":1277,"mobile_percentage":28.03,"rank":193},{"article":"Querétaro","views":1275,"mobile_percentage":34.59,"rank":194},{"article":"Denver","views":1272,"mobile_percentage":49.69,"rank":195},{"article":"Monte Albán","views":1271,"mobile_percentage":40.76,"rank":196},{"article":"São Paulo","views":1264,"mobile_percentage":32.04,"rank":197},{"article":"Arabia Saudita","views":1264,"mobile_percentage":20.25,"rank":198},{"article":"Valdivia","views":1263,"mobile_percentage":35.15,"rank":199},{"article":"Florencia","views":1247,"mobile_percentage":42.02,"rank":200},{"article":"Dublín","views":1244,"mobile_percentage":31.51,"rank":201},{"article":"Sudeste Asiático","views":1238,"mobile_percentage":34.73,"rank":202},{"article":"Cabo Verde","views":1234,"mobile_percentage":34.6,"rank":203},{"article":"Salta","views":1231,"mobile_percentage":53.37,"rank":204},{"article":"Caracas","views":1231,"mobile_percentage":27.21,"rank":205},{"article":"Aberdeen","views":1227,"mobile_percentage":37.82,"rank":206},{"article":"Región Metropolitana de Santiago","views":1223,"mobile_percentage":29.27,"rank":207},{"article":"Grecia","views":1215,"mobile_percentage":28.15,"rank":208},{"article":"Montevideo","views":1215,"mobile_percentage":29.3,"rank":209},{"article":"Cancún","views":1209,"mobile_percentage":45.08,"rank":210},{"article":"Santa Fe (Nuevo México)","views":1206,"mobile_percentage":21.31,"rank":211},{"article":"Café con piernas","views":1206,"mobile_percentage":63.76,"rank":212},{"article":"Albania","views":1204,"mobile_percentage":51.16,"rank":213},{"article":"Dinamarca","views":1200,"mobile_percentage":33.08,"rank":214},{"article":"Región de Tarapacá","views":1198,"mobile_percentage":12.69,"rank":215},{"article":"Chuy","views":1197,"mobile_percentage":80.28,"rank":216},{"article":"San Salvador (El Salvador)","views":1195,"mobile_percentage":32.72,"rank":217},{"article":"Oriente Medio","views":1194,"mobile_percentage":22.7,"rank":218},{"article":"Eslovenia","views":1186,"mobile_percentage":40.47,"rank":219},{"article":"Oporto","views":1184,"mobile_percentage":57.43,"rank":220},{"article":"Isla de San Martín","views":1180,"mobile_percentage":61.19,"rank":221},{"article":"Surinam","views":1179,"mobile_percentage":34.86,"rank":222},{"article":"La Paz (México)","views":1176,"mobile_percentage":54.25,"rank":223},{"article":"Transilvania","views":1175,"mobile_percentage":69.11,"rank":224},{"article":"Benidorm","views":1170,"mobile_percentage":29.91,"rank":225},{"article":"Antofagasta","views":1165,"mobile_percentage":55.28,"rank":226},{"article":"Polonia","views":1164,"mobile_percentage":28.26,"rank":227},{"article":"Belfast","views":1159,"mobile_percentage":21.48,"rank":228},{"article":"Alaska","views":1157,"mobile_percentage":37.94,"rank":229},{"article":"Las Vegas","views":1146,"mobile_percentage":41.88,"rank":230},{"article":"Cáceres","views":1145,"mobile_percentage":36.42,"rank":231},{"article":"Tel Aviv","views":1144,"mobile_percentage":49.39,"rank":232},{"article":"Oriente (Venezuela)","views":1137,"mobile_percentage":56.73,"rank":233},{"article":"Toledo (España)","views":1134,"mobile_percentage":34.66,"rank":234},{"article":"Austria","views":1132,"mobile_percentage":28.98,"rank":235},{"article":"Suiza","views":1128,"mobile_percentage":28.63,"rank":236},{"article":"Monte Roraima","views":1128,"mobile_percentage":44.06,"rank":237},{"article":"Cumaná","views":1126,"mobile_percentage":40.76,"rank":238},{"article":"Desierto de Atacama","views":1125,"mobile_percentage":42.76,"rank":239},{"article":"Concepción (Chile)","views":1123,"mobile_percentage":31.43,"rank":240},{"article":"Singapur","views":1122,"mobile_percentage":30.3,"rank":241},{"article":"Europa Occidental","views":1115,"mobile_percentage":29.15,"rank":242},{"article":"Valencia (Venezuela)","views":1114,"mobile_percentage":28.9,"rank":243},{"article":"Sinaloa","views":1113,"mobile_percentage":45.55,"rank":244},{"article":"Zaragoza","views":1110,"mobile_percentage":28.56,"rank":245},{"article":"Bilbao","views":1110,"mobile_percentage":30.45,"rank":246},{"article":"Guía de patois jamaiquino","views":1108,"mobile_percentage":74.82,"rank":247},{"article":"Tijuana","views":1094,"mobile_percentage":39.03,"rank":248},{"article":"País Vasco","views":1093,"mobile_percentage":29.55,"rank":249},{"article":"Tuvalu","views":1090,"mobile_percentage":29.08,"rank":250},{"article":"Región Andina (Colombia)","views":1087,"mobile_percentage":55.01,"rank":251},{"article":"Ciudad del Este","views":1086,"mobile_percentage":41.25,"rank":252},{"article":"Nuevo México","views":1086,"mobile_percentage":42.45,"rank":253},{"article":"Ottawa","views":1082,"mobile_percentage":32.62,"rank":254},{"article":"Indiana","views":1078,"mobile_percentage":46.2,"rank":255},{"article":"Massachusetts","views":1075,"mobile_percentage":39.81,"rank":256},{"article":"Milán","views":1074,"mobile_percentage":35.1,"rank":257},{"article":"Vida silvestre en África","views":1073,"mobile_percentage":53.59,"rank":258},{"article":"Fuenterrabía","views":1072,"mobile_percentage":77.71,"rank":259},{"article":"Monterrey","views":1072,"mobile_percentage":37.13,"rank":260},{"article":"Provincia de Cádiz","views":1063,"mobile_percentage":29.73,"rank":261},{"article":"Maracaibo","views":1061,"mobile_percentage":32.33,"rank":262},{"article":"Granollers","views":1061,"mobile_percentage":48.26,"rank":263},{"article":"Los Ángeles","views":1057,"mobile_percentage":32.36,"rank":264},{"article":"Reino Unido","views":1053,"mobile_percentage":25.55,"rank":265},{"article":"Matalascañas","views":1050,"mobile_percentage":85.71,"rank":266},{"article":"Georgia","views":1048,"mobile_percentage":25.95,"rank":267},{"article":"Guía de francés","views":1048,"mobile_percentage":33.59,"rank":268},{"article":"Guayana Francesa","views":1041,"mobile_percentage":35.93,"rank":269},{"article":"Omán","views":1041,"mobile_percentage":24.78,"rank":270},{"article":"Granada","views":1040,"mobile_percentage":51.92,"rank":271},{"article":"Egipto","views":1039,"mobile_percentage":30.32,"rank":272},{"article":"Granada (España)","views":1036,"mobile_percentage":46.72,"rank":273},{"article":"Pittsburgh","views":1034,"mobile_percentage":34.53,"rank":274},{"article":"Moscú","views":1032,"mobile_percentage":21.51,"rank":275},{"article":"Quito","views":1026,"mobile_percentage":42.69,"rank":276},{"article":"Melilla","views":1024,"mobile_percentage":18.07,"rank":277},{"article":"Santiago de Chile: Zona Centro","views":1021,"mobile_percentage":35.06,"rank":278},{"article":"Comunidad Valenciana","views":1020,"mobile_percentage":17.06,"rank":279},{"article":"Walt Disney World","views":1013,"mobile_percentage":41.16,"rank":280},{"article":"Bogotá","views":1012,"mobile_percentage":37.75,"rank":281},{"article":"Ciudad del Cabo","views":1002,"mobile_percentage":28.44,"rank":282},{"article":"La Haya","views":1001,"mobile_percentage":47.75,"rank":283},{"article":"Curazao","views":1000,"mobile_percentage":49.5,"rank":284},{"article":"Liechtenstein","views":998,"mobile_percentage":51.9,"rank":285},{"article":"Indianápolis","views":996,"mobile_percentage":22.69,"rank":286},{"article":"Bed and breakfast","views":993,"mobile_percentage":40.89,"rank":287},{"article":"Maastricht","views":990,"mobile_percentage":75.56,"rank":288},{"article":"El Cairo","views":988,"mobile_percentage":29.55,"rank":289},{"article":"Punta Arenas","views":988,"mobile_percentage":32.29,"rank":290},{"article":"Blanes","views":986,"mobile_percentage":69.88,"rank":291},{"article":"Salto Ángel","views":985,"mobile_percentage":38.78,"rank":292},{"article":"Nicaragua","views":983,"mobile_percentage":31.03,"rank":293},{"article":"Finlandia","views":969,"mobile_percentage":31.89,"rank":294},{"article":"Estonia","views":968,"mobile_percentage":31.2,"rank":295},{"article":"San Marino","views":968,"mobile_percentage":51.03,"rank":296},{"article":"Honduras","views":964,"mobile_percentage":25.52,"rank":297},{"article":"Cusco","views":963,"mobile_percentage":28.66,"rank":298},{"article":"Kuala Lumpur","views":962,"mobile_percentage":47.61,"rank":299},{"article":"Lisboa","views":959,"mobile_percentage":25.76,"rank":300},{"article":"Washington D. C.","views":959,"mobile_percentage":46.61,"rank":301},{"article":"León","views":955,"mobile_percentage":25.86,"rank":302},{"article":"Alejandría","views":952,"mobile_percentage":25.84,"rank":303},{"article":"Amazonas (Venezuela)","views":943,"mobile_percentage":37.75,"rank":304},{"article":"Provincia de Alicante","views":942,"mobile_percentage":32.17,"rank":305},{"article":"Puerto Rico","views":941,"mobile_percentage":40.81,"rank":306},{"article":"Playa del Carmen","views":941,"mobile_percentage":49.42,"rank":307},{"article":"Mar Mediterráneo","views":939,"mobile_percentage":58.36,"rank":308},{"article":"Siria","views":939,"mobile_percentage":32.48,"rank":309},{"article":"Turismo en la Ciudad de Buenos Aires","views":929,"mobile_percentage":47.36,"rank":310},{"article":"Salt Lake City","views":926,"mobile_percentage":53.35,"rank":311},{"article":"Acuerdo de Schengen","views":925,"mobile_percentage":26.05,"rank":312},{"article":"Islas Baleares","views":924,"mobile_percentage":23.7,"rank":313},{"article":"Jamaica","views":924,"mobile_percentage":33.98,"rank":314},{"article":"Vitoria","views":924,"mobile_percentage":36.26,"rank":315},{"article":"Destinos","views":921,"mobile_percentage":6.95,"rank":316},{"article":"Nauru","views":920,"mobile_percentage":35.54,"rank":317},{"article":"Manresa","views":919,"mobile_percentage":59.74,"rank":318},{"article":"Jordania","views":919,"mobile_percentage":33.19,"rank":319},{"article":"Occidente (Venezuela)","views":918,"mobile_percentage":49.35,"rank":320},{"article":"Andorra","views":912,"mobile_percentage":52.19,"rank":321},{"article":"Carolina del Norte","views":909,"mobile_percentage":38.72,"rank":322},{"article":"Norte de México","views":908,"mobile_percentage":35.24,"rank":323},{"article":"Miami","views":907,"mobile_percentage":31.86,"rank":324},{"article":"Cuba","views":907,"mobile_percentage":30.43,"rank":325},{"article":"Guyana","views":900,"mobile_percentage":44.67,"rank":326},{"article":"Extremadura","views":899,"mobile_percentage":33.7,"rank":327},{"article":"Colorado","views":895,"mobile_percentage":46.03,"rank":328},{"article":"Zamora","views":894,"mobile_percentage":35.35,"rank":329},{"article":"Cracovia","views":893,"mobile_percentage":43.9,"rank":330},{"article":"Kaliningrado","views":891,"mobile_percentage":55.44,"rank":331},{"article":"Vladivostok","views":890,"mobile_percentage":60.11,"rank":332},{"article":"La Candelaria","views":888,"mobile_percentage":44.93,"rank":333},{"article":"Quebec (ciudad)","views":887,"mobile_percentage":20.86,"rank":334},{"article":"Croacia","views":885,"mobile_percentage":38.53,"rank":335},{"article":"Guía de japonés","views":885,"mobile_percentage":25.65,"rank":336},{"article":"Escocia","views":885,"mobile_percentage":27.57,"rank":337},{"article":"Alcalá de los Gazules","views":880,"mobile_percentage":42.27,"rank":338},{"article":"Isla Mujeres","views":879,"mobile_percentage":70.88,"rank":339},{"article":"Grandes Llanuras","views":878,"mobile_percentage":38.5,"rank":340},{"article":"Uzbekistán","views":877,"mobile_percentage":39.34,"rank":341},{"article":"Coímbra","views":877,"mobile_percentage":25.43,"rank":342},{"article":"Dortmund","views":874,"mobile_percentage":37.41,"rank":343},{"article":"Huaraz","views":872,"mobile_percentage":24.31,"rank":344},{"article":"Yemen","views":871,"mobile_percentage":27.21,"rank":345},{"article":"Tenerife","views":871,"mobile_percentage":30.88,"rank":346},{"article":"Guatemala","views":870,"mobile_percentage":36.9,"rank":347},{"article":"Chiclana de la Frontera","views":870,"mobile_percentage":50.46,"rank":348},{"article":"Cantabria","views":866,"mobile_percentage":33.95,"rank":349},{"article":"Irak","views":865,"mobile_percentage":42.08,"rank":350},{"article":"Aranjuez","views":864,"mobile_percentage":48.5,"rank":351},{"article":"Barranquilla","views":864,"mobile_percentage":20.37,"rank":352},{"article":"San Luis Potosí","views":858,"mobile_percentage":21.21,"rank":353},{"article":"Menorca","views":854,"mobile_percentage":59.6,"rank":354},{"article":"San Eustaquio","views":854,"mobile_percentage":48.24,"rank":355},{"article":"Oxford","views":851,"mobile_percentage":23.74,"rank":356},{"article":"Este de España","views":849,"mobile_percentage":45.94,"rank":357},{"article":"Islas Georgias del Sur y Sándwich del Sur","views":848,"mobile_percentage":39.86,"rank":358},{"article":"Ushuaia","views":845,"mobile_percentage":49.11,"rank":359},{"article":"Venecia","views":845,"mobile_percentage":30.06,"rank":360},{"article":"Guía de alemán","views":844,"mobile_percentage":18.13,"rank":361},{"article":"Tres Cantos","views":842,"mobile_percentage":74.11,"rank":362},{"article":"Cartagena de Indias","views":842,"mobile_percentage":33.85,"rank":363},{"article":"Bulgaria","views":841,"mobile_percentage":32.94,"rank":364},{"article":"Baden-Würtemberg","views":840,"mobile_percentage":31.31,"rank":365},{"article":"Lombardía","views":840,"mobile_percentage":32.26,"rank":366},{"article":"Comoras","views":839,"mobile_percentage":21.93,"rank":367},{"article":"Guía de italiano","views":836,"mobile_percentage":24.4,"rank":368},{"article":"Ciudad de Panamá","views":835,"mobile_percentage":22.75,"rank":369},{"article":"Connecticut","views":835,"mobile_percentage":48.5,"rank":370},{"article":"Guía de chino","views":834,"mobile_percentage":21.7,"rank":371},{"article":"Bruselas","views":833,"mobile_percentage":40.94,"rank":372},{"article":"Río Grande del Sur","views":833,"mobile_percentage":36.37,"rank":373},{"article":"Turismo ufológico","views":832,"mobile_percentage":56.01,"rank":374},{"article":"Los Cabos","views":832,"mobile_percentage":40.75,"rank":375},{"article":"San Carlos de Bariloche","views":829,"mobile_percentage":41.01,"rank":376},{"article":"Santiago de Chile: Zona Oriente","views":827,"mobile_percentage":38.69,"rank":377},{"article":"Patagonia argentina","views":826,"mobile_percentage":37.77,"rank":378},{"article":"Parque Nacional Torres del Paine","views":824,"mobile_percentage":41.63,"rank":379},{"article":"Letonia","views":824,"mobile_percentage":57.65,"rank":380},{"article":"Tarragona","views":823,"mobile_percentage":71.45,"rank":381},{"article":"Somalia","views":822,"mobile_percentage":26.16,"rank":382},{"article":"Salvador de Bahía","views":822,"mobile_percentage":34.18,"rank":383},{"article":"Islas Galápagos","views":821,"mobile_percentage":25.09,"rank":384},{"article":"Baltimore","views":821,"mobile_percentage":47.02,"rank":385},{"article":"Bosnia-Herzegovina","views":819,"mobile_percentage":32.6,"rank":386},{"article":"Ontario","views":818,"mobile_percentage":49.27,"rank":387},{"article":"Estado de Aguascalientes","views":818,"mobile_percentage":41.56,"rank":388},{"article":"Irlanda","views":818,"mobile_percentage":24.33,"rank":389},{"article":"Santa Lucía","views":817,"mobile_percentage":47,"rank":390},{"article":"Islas Salomón","views":814,"mobile_percentage":21.99,"rank":391},{"article":"Nepal","views":812,"mobile_percentage":28.82,"rank":392},{"article":"Columbia Británica","views":810,"mobile_percentage":39.38,"rank":393},{"article":"Estrasburgo","views":808,"mobile_percentage":38.61,"rank":394},{"article":"Palestina","views":807,"mobile_percentage":36.31,"rank":395},{"article":"Trujillo (Venezuela)","views":807,"mobile_percentage":41.39,"rank":396},{"article":"Laos","views":807,"mobile_percentage":47.46,"rank":397},{"article":"Cartagena (España)","views":806,"mobile_percentage":52.48,"rank":398},{"article":"Puerto Maldonado","views":804,"mobile_percentage":49.63,"rank":399},{"article":"Baviera","views":802,"mobile_percentage":44.76,"rank":400},{"article":"El Vigía","views":801,"mobile_percentage":31.21,"rank":401},{"article":"Mánchester","views":800,"mobile_percentage":34.5,"rank":402},{"article":"Durango (México)","views":798,"mobile_percentage":34.21,"rank":403},{"article":"Arkansas","views":794,"mobile_percentage":49.62,"rank":404},{"article":"Camboya","views":793,"mobile_percentage":46.91,"rank":405},{"article":"Haití","views":792,"mobile_percentage":38.26,"rank":406},{"article":"San Petersburgo","views":790,"mobile_percentage":27.85,"rank":407},{"article":"Groenlandia","views":789,"mobile_percentage":40.81,"rank":408},{"article":"Cabra","views":789,"mobile_percentage":46.64,"rank":409},{"article":"Tokelau","views":786,"mobile_percentage":39.69,"rank":410},{"article":"Leópolis","views":783,"mobile_percentage":35.5,"rank":411},{"article":"Lambayeque (departamento)","views":783,"mobile_percentage":55.3,"rank":412},{"article":"Patagonia chilena","views":783,"mobile_percentage":28.35,"rank":413},{"article":"Malasia","views":779,"mobile_percentage":29.4,"rank":414},{"article":"Xalapa-Enríquez","views":779,"mobile_percentage":70.09,"rank":415},{"article":"Turismo aventura en la provincia de Salta","views":777,"mobile_percentage":15.44,"rank":416},{"article":"Lugo","views":777,"mobile_percentage":54.7,"rank":417},{"article":"Guanajuato","views":776,"mobile_percentage":36.34,"rank":418},{"article":"Tanzania","views":774,"mobile_percentage":38.63,"rank":419},{"article":"Torroella de Montgrí","views":771,"mobile_percentage":76.26,"rank":420},{"article":"El Hierro","views":771,"mobile_percentage":46.04,"rank":421},{"article":"Mozambique","views":771,"mobile_percentage":29.83,"rank":422},{"article":"Badajoz","views":770,"mobile_percentage":34.03,"rank":423},{"article":"Parque Nacional de Yosemite","views":770,"mobile_percentage":24.55,"rank":424},{"article":"San José (Costa Rica)","views":770,"mobile_percentage":31.56,"rank":425},{"article":"Cochabamba","views":769,"mobile_percentage":52.15,"rank":426},{"article":"Yaxchilán","views":763,"mobile_percentage":55.18,"rank":427},{"article":"Riohacha","views":762,"mobile_percentage":42.52,"rank":428},{"article":"Puerto La Cruz","views":761,"mobile_percentage":24.7,"rank":429},{"article":"Africa","views":761,"mobile_percentage":31.41,"rank":430},{"article":"Cúcuta","views":757,"mobile_percentage":31.31,"rank":431},{"article":"Búzios","views":756,"mobile_percentage":27.38,"rank":432},{"article":"Lourdes (El Salvador)","views":755,"mobile_percentage":65.83,"rank":433},{"article":"Portland (Oregón)","views":753,"mobile_percentage":25.1,"rank":434},{"article":"Mexicali","views":753,"mobile_percentage":35.19,"rank":435},{"article":"Centro de España","views":753,"mobile_percentage":56.97,"rank":436},{"article":"Aragón","views":753,"mobile_percentage":17.26,"rank":437},{"article":"Irán","views":752,"mobile_percentage":16.89,"rank":438},{"article":"La Serena","views":751,"mobile_percentage":34.89,"rank":439},{"article":"Cataratas del Iguazú","views":751,"mobile_percentage":39.28,"rank":440},{"article":"Islas Feroe","views":750,"mobile_percentage":39.33,"rank":441},{"article":"San Pedro La Laguna","views":750,"mobile_percentage":54.67,"rank":442},{"article":"Malabo","views":749,"mobile_percentage":31.38,"rank":443},{"article":"La Habana","views":745,"mobile_percentage":52.75,"rank":444},{"article":"Sierras de Córdoba","views":744,"mobile_percentage":50.67,"rank":445},{"article":"Nueva Zelanda","views":744,"mobile_percentage":33.47,"rank":446},{"article":"Fauna de Eurasia","views":743,"mobile_percentage":41.86,"rank":447},{"article":"Ruta art decó de Santiago de Chile","views":742,"mobile_percentage":18.6,"rank":448},{"article":"Seguridad en las zonas de guerra","views":742,"mobile_percentage":10.24,"rank":449},{"article":"Santorini","views":741,"mobile_percentage":56.41,"rank":450},{"article":"Castilla-La Mancha","views":740,"mobile_percentage":29.73,"rank":451},{"article":"Marruecos","views":737,"mobile_percentage":30.8,"rank":452},{"article":"Acapulco","views":734,"mobile_percentage":47.96,"rank":453},{"article":"Afganistán","views":733,"mobile_percentage":42.43,"rank":454},{"article":"Málaga","views":733,"mobile_percentage":26.06,"rank":455},{"article":"Andalucía","views":733,"mobile_percentage":17.6,"rank":456},{"article":"Ruta neoclásica de Santiago de Chile","views":732,"mobile_percentage":26.5,"rank":457},{"article":"Texas","views":732,"mobile_percentage":33.74,"rank":458},{"article":"Provincia de Salta","views":731,"mobile_percentage":60.05,"rank":459},{"article":"Eslovaquia","views":727,"mobile_percentage":29.16,"rank":460},{"article":"Capitán Pastene","views":727,"mobile_percentage":82.12,"rank":461},{"article":"Papúa Nueva Guinea","views":726,"mobile_percentage":21.07,"rank":462},{"article":"Dresde","views":726,"mobile_percentage":28.65,"rank":463},{"article":"Costa de Marfil","views":724,"mobile_percentage":25.83,"rank":464},{"article":"Foz do Iguaçu","views":723,"mobile_percentage":50.07,"rank":465},{"article":"Palencia","views":722,"mobile_percentage":35.04,"rank":466},{"article":"Polo Sur","views":722,"mobile_percentage":56.37,"rank":467},{"article":"Chavín de Huántar","views":721,"mobile_percentage":38.97,"rank":468},{"article":"Arequipa","views":721,"mobile_percentage":30.37,"rank":469},{"article":"Viajar con niños","views":721,"mobile_percentage":28.02,"rank":470},{"article":"San Francisco de Mostazal","views":720,"mobile_percentage":44.03,"rank":471},{"article":"Piedras Negras","views":719,"mobile_percentage":30.18,"rank":472},{"article":"La Plata","views":719,"mobile_percentage":27.68,"rank":473},{"article":"Indonesia","views":718,"mobile_percentage":27.58,"rank":474},{"article":"Portimão","views":717,"mobile_percentage":72.94,"rank":475},{"article":"Montreal","views":716,"mobile_percentage":35.75,"rank":476},{"article":"Puebla de Zaragoza","views":715,"mobile_percentage":33.43,"rank":477},{"article":"Villa del Carbón","views":713,"mobile_percentage":40.67,"rank":478},{"article":"Gambia","views":713,"mobile_percentage":27.63,"rank":479},{"article":"Santiago de Chile: Zona Poniente","views":709,"mobile_percentage":48.66,"rank":480},{"article":"Viña del Mar","views":709,"mobile_percentage":43.16,"rank":481},{"article":"Alicante","views":706,"mobile_percentage":48.58,"rank":482},{"article":"Tallin","views":706,"mobile_percentage":46.74,"rank":483},{"article":"Toulouse","views":706,"mobile_percentage":42.63,"rank":484},{"article":"Goa","views":706,"mobile_percentage":41.5,"rank":485},{"article":"Oslo","views":705,"mobile_percentage":23.26,"rank":486},{"article":"Granada (Nicaragua)","views":704,"mobile_percentage":37.5,"rank":487},{"article":"Santa Fe (Argentina)","views":701,"mobile_percentage":32.24,"rank":488},{"article":"Cincinnati","views":700,"mobile_percentage":38.71,"rank":489},{"article":"Valparaíso","views":699,"mobile_percentage":20.03,"rank":490},{"article":"Virginia","views":699,"mobile_percentage":42.35,"rank":491},{"article":"Amberes","views":697,"mobile_percentage":27.4,"rank":492},{"article":"Mauritania","views":697,"mobile_percentage":43.33,"rank":493},{"article":"Bielorrusia","views":697,"mobile_percentage":38.02,"rank":494},{"article":"Parque Nacional Tapo-Caparo","views":696,"mobile_percentage":45.69,"rank":495},{"article":"Minnesota","views":696,"mobile_percentage":40.23,"rank":496},{"article":"Monte Saint-Michel","views":695,"mobile_percentage":73.81,"rank":497},{"article":"Bali","views":695,"mobile_percentage":48.35,"rank":498},{"article":"Guías estelares","views":694,"mobile_percentage":8.65,"rank":499},{"article":"Ucrania","views":692,"mobile_percentage":28.47,"rank":500}]